attention_map,best_weight,hidden_channels,dropout,lr,weight_decay,num_epochs,patience,best_params,auc,auc_std,f1,f1_std,acc,acc_std
"[[8.03472817e-01 9.48534980e-02 1.01673730e-01]
 [1.88173473e-01 7.75919318e-01 3.59072722e-02]
 [2.29543164e-01 6.99273586e-01 7.11832643e-02]
 [2.03166381e-01 7.36756384e-01 6.00771978e-02]
 [2.49246627e-01 5.96268892e-01 1.54484466e-01]
 [2.19782576e-01 6.91191256e-01 8.90262052e-02]
 [2.42749065e-01 6.24672413e-01 1.32578507e-01]
 [6.30873069e-02 9.33978260e-01 2.93446798e-03]
 [1.17535815e-01 8.68988752e-01 1.34754321e-02]
 [8.91489923e-01 5.50931729e-02 5.34170046e-02]
 [1.52386591e-01 8.30400169e-01 1.72131993e-02]
 [1.03741571e-01 8.90239537e-01 6.01887796e-03]
 [5.68711638e-01 2.73480207e-01 1.57808125e-01]
 [2.74593472e-01 6.31897569e-01 9.35089514e-02]
 [1.66510060e-01 7.62190044e-01 7.12999031e-02]
 [1.68936804e-01 7.82145858e-01 4.89174128e-02]
 [2.14670718e-01 7.28417277e-01 5.69119714e-02]
 [5.61487138e-01 2.58414716e-01 1.80098161e-01]
 [1.92894757e-01 7.36011267e-01 7.10939914e-02]
 [9.02098417e-01 4.36470471e-02 5.42544611e-02]
 [3.36135328e-01 4.26072359e-01 2.37792373e-01]
 [1.97136357e-01 7.15605617e-01 8.72579962e-02]
 [1.44896299e-01 8.37113678e-01 1.79900620e-02]
 [1.72366723e-01 8.02170157e-01 2.54630893e-02]
 [1.19582117e-01 8.70186388e-01 1.02315238e-02]
 [7.98282325e-01 1.00297295e-01 1.01420343e-01]
 [7.33056605e-01 1.40346557e-01 1.26596808e-01]
 [1.50724560e-01 7.83669889e-01 6.56055510e-02]
 [2.25917712e-01 6.83606088e-01 9.04762372e-02]
 [1.48203179e-01 7.92984128e-01 5.88126555e-02]
 [1.77556068e-01 7.56882548e-01 6.55613765e-02]
 [1.42888397e-01 8.17617714e-01 3.94938998e-02]
 [1.10421538e-01 8.70542824e-01 1.90356672e-02]
 [8.73205006e-01 5.81444614e-02 6.86505511e-02]
 [2.52245873e-01 6.27906859e-01 1.19847268e-01]
 [4.02670652e-01 4.07011688e-01 1.90317631e-01]
 [1.37689084e-01 8.25765908e-01 3.65450345e-02]
 [3.20174724e-01 4.96355116e-01 1.83470204e-01]
 [7.40396142e-01 1.31116956e-01 1.28486931e-01]
 [2.39761487e-01 6.09085977e-01 1.51152536e-01]
 [7.56682515e-01 1.24644719e-01 1.18672773e-01]
 [7.94225514e-01 1.18657142e-01 8.71174484e-02]
 [5.65271974e-01 2.60259539e-01 1.74468488e-01]
 [9.54858780e-01 2.01379135e-02 2.50033699e-02]
 [6.55963719e-01 1.84849486e-01 1.59186736e-01]
 [3.06869835e-01 5.33421040e-01 1.59709126e-01]
 [8.59266460e-01 6.90086633e-02 7.17247650e-02]
 [6.53587759e-01 2.05670178e-01 1.40742064e-01]
 [7.76649296e-01 1.21553928e-01 1.01796769e-01]
 [1.11835517e-01 8.77793550e-01 1.03708832e-02]
 [2.34396264e-01 6.11830473e-01 1.53773293e-01]
 [4.98964071e-01 2.94362426e-01 2.06673607e-01]
 [2.43830189e-01 6.27587318e-01 1.28582567e-01]
 [8.90388846e-01 3.11554293e-03 1.06495641e-01]
 [2.61031270e-01 6.61175966e-01 7.77927190e-02]
 [3.00761789e-01 4.71290767e-01 2.27947369e-01]
 [6.24678731e-01 6.49777651e-02 3.10343474e-01]
 [4.28243130e-01 2.70850271e-01 3.00906628e-01]
 [6.34940386e-01 8.37982297e-02 2.81261384e-01]
 [5.04512787e-01 1.63056895e-01 3.32430303e-01]
 [4.36852068e-01 1.99485853e-01 3.63662034e-01]
 [9.15972769e-01 6.79539575e-04 8.33477527e-02]
 [2.54675716e-01 7.14626193e-01 3.06981206e-02]
 [2.96556562e-01 5.73225737e-01 1.30217716e-01]
 [7.03785479e-01 2.77497042e-02 2.68464804e-01]
 [7.55323172e-01 1.73677281e-02 2.27309033e-01]
 [7.44137347e-01 2.18479577e-02 2.34014690e-01]
 [8.62898469e-01 4.51991288e-03 1.32581636e-01]
 [3.14887315e-01 4.63136554e-01 2.21976116e-01]
 [5.17920434e-01 1.87200516e-01 2.94879049e-01]
 [7.21377194e-01 3.94691415e-02 2.39153698e-01]
 [6.01946652e-01 1.46348417e-01 2.51704991e-01]
 [2.30834633e-01 6.47450089e-01 1.21715337e-01]
 [3.58109534e-01 3.07149768e-01 3.34740698e-01]
 [2.63791203e-01 6.32611990e-01 1.03596792e-01]
 [2.02970073e-01 7.78033078e-01 1.89968739e-02]
 [3.15240711e-01 5.20246208e-01 1.64513052e-01]
 [4.95541215e-01 1.55757979e-01 3.48700792e-01]
 [2.18233898e-01 7.64958262e-01 1.68078765e-02]
 [6.92838430e-01 4.73689288e-02 2.59792566e-01]
 [5.63835323e-01 1.54693261e-01 2.81471461e-01]
 [5.97678125e-01 9.39619690e-02 3.08359861e-01]
 [6.06378078e-01 7.10335150e-02 3.22588414e-01]
 [2.50903726e-01 7.35554636e-01 1.35416416e-02]
 [2.19939455e-01 6.78061068e-01 1.01999477e-01]
 [7.94309497e-01 1.56149808e-02 1.90075547e-01]
 [2.32530490e-01 6.84507668e-01 8.29618573e-02]
 [4.90458786e-01 2.21189335e-01 2.88351953e-01]
 [2.05529615e-01 7.87667811e-01 6.80257101e-03]
 [7.99739778e-01 9.81939770e-03 1.90440878e-01]
 [6.21360600e-01 1.18695877e-01 2.59943545e-01]
 [2.27580324e-01 7.48024940e-01 2.43947692e-02]
 [7.65817702e-01 1.90608781e-02 2.15121388e-01]
 [7.27344453e-01 2.12885197e-02 2.51367003e-01]
 [8.12404037e-01 1.12335328e-02 1.76362336e-01]
 [5.44520497e-01 1.17009506e-01 3.38469982e-01]
 [4.71509516e-01 2.07288623e-01 3.21201861e-01]
 [3.12747270e-01 5.32864869e-01 1.54387847e-01]
 [2.65969932e-01 5.36684692e-01 1.97345391e-01]
 [6.08566880e-01 8.17690790e-02 3.09664100e-01]
 [4.40763563e-01 2.40673736e-01 3.18562686e-01]
 [6.86200261e-01 4.89505939e-02 2.64849156e-01]
 [1.88643336e-01 7.38565922e-01 7.27908015e-02]
 [2.57020682e-01 5.83696127e-01 1.59283221e-01]
 [2.72718757e-01 5.62069535e-01 1.65211692e-01]
 [2.23821908e-01 7.43853390e-01 3.23247388e-02]
 [4.75023419e-01 5.06362259e-01 1.86143424e-02]
 [7.46300638e-01 3.41189466e-02 2.19580352e-01]
 [6.41350806e-01 7.79886171e-02 2.80660599e-01]
 [2.88326442e-01 5.98468482e-01 1.13205127e-01]
 [3.97726059e-01 5.36207914e-01 6.60659969e-02]
 [7.25539088e-01 4.40698378e-02 2.30391070e-01]
 [9.09229219e-01 2.96169869e-03 8.78090262e-02]
 [3.45271349e-01 3.64206433e-01 2.90522188e-01]
 [3.20200443e-01 4.78341401e-01 2.01458186e-01]
 [3.30004156e-01 4.05843973e-01 2.64151901e-01]
 [3.80312532e-01 3.48992199e-01 2.70695269e-01]
 [6.51494384e-01 8.77154469e-02 2.60790169e-01]
 [2.99169868e-01 6.61681473e-01 3.91486622e-02]
 [3.09381425e-01 6.41943038e-01 4.86755595e-02]
 [3.67761374e-01 5.99536240e-01 3.27023268e-02]
 [2.98964828e-01 4.03391093e-01 2.97644079e-01]
 [8.51919115e-01 9.33043659e-03 1.38750449e-01]
 [7.72115707e-01 2.54465137e-02 2.02437744e-01]
 [3.42758179e-01 5.83981991e-01 7.32598379e-02]
 [4.92775440e-01 1.83237433e-01 3.23987126e-01]
 [2.91740656e-01 6.07273996e-01 1.00985356e-01]
 [3.53015780e-01 6.30340993e-01 1.66432597e-02]
 [4.34446484e-01 2.22913489e-01 3.42640013e-01]
 [2.70598680e-01 5.60404241e-01 1.68997079e-01]
 [3.60559076e-01 4.92046654e-01 1.47394210e-01]
 [3.38767231e-01 4.43601638e-01 2.17631176e-01]
 [5.30860960e-01 1.44461453e-01 3.24677587e-01]
 [2.60791361e-01 5.93863010e-01 1.45345673e-01]
 [3.74092728e-01 3.90998989e-01 2.34908238e-01]
 [6.34767771e-01 8.63696635e-02 2.78862536e-01]
 [5.26787162e-01 1.64747864e-01 3.08464974e-01]
 [6.55343235e-01 7.98208863e-02 2.64835924e-01]
 [2.88169682e-01 4.31957334e-01 2.79873043e-01]
 [5.36249161e-01 1.58761173e-01 3.04989696e-01]
 [2.86052793e-01 4.57942247e-01 2.56004959e-01]
 [5.11802852e-01 2.17248917e-01 2.70948231e-01]
 [6.06483698e-01 9.46968570e-02 2.98819512e-01]
 [6.73666656e-01 5.85266761e-02 2.67806619e-01]
 [7.32064545e-01 3.91377173e-02 2.28797734e-01]
 [3.24873030e-01 6.44279182e-01 3.08477338e-02]
 [2.62543172e-01 5.45564294e-01 1.91892520e-01]
 [3.69388938e-01 3.27900201e-01 3.02710891e-01]
 [4.38038588e-01 2.89299667e-01 2.72661746e-01]
 [8.09804440e-01 1.70417465e-02 1.73153788e-01]
 [3.10144842e-01 4.45743024e-01 2.44112104e-01]
 [4.49338615e-01 2.08311021e-01 3.42350453e-01]
 [7.59726465e-01 3.32949348e-02 2.06978530e-01]
 [2.74881810e-01 5.25995493e-01 1.99122712e-01]
 [3.36898565e-01 4.17725623e-01 2.45375827e-01]
 [3.41821194e-01 4.41029519e-01 2.17149317e-01]
 [3.02315533e-01 5.52300632e-01 1.45383865e-01]
 [7.29563951e-01 4.92341034e-02 2.21201941e-01]
 [3.58767986e-01 5.84146202e-01 5.70858270e-02]
 [1.02914460e-01 5.55694640e-01 3.41390878e-01]
 [7.92432725e-02 4.81540054e-01 4.39216644e-01]
 [7.79250085e-01 2.18257710e-01 2.49219383e-03]
 [1.57097340e-01 5.25363147e-01 3.17539513e-01]
 [7.19419777e-01 2.68795937e-01 1.17843421e-02]
 [2.72875372e-02 5.26587725e-01 4.46124732e-01]
 [7.41071627e-02 5.52425683e-01 3.73467177e-01]
 [2.98489380e-04 3.26119632e-01 6.73581898e-01]
 [4.00020629e-02 5.18250048e-01 4.41747844e-01]
 [2.54961988e-03 3.95209014e-01 6.02241337e-01]
 [6.39808550e-02 5.28554380e-01 4.07464832e-01]
 [6.48884237e-01 3.41390967e-01 9.72486101e-03]
 [7.64104187e-01 2.30152220e-01 5.74361719e-03]
 [4.24119346e-02 5.53595603e-01 4.03992414e-01]
 [9.12793219e-01 8.70885998e-02 1.18119475e-04]
 [7.77331650e-01 2.19604433e-01 3.06392019e-03]
 [8.49958003e-01 1.48768485e-01 1.27348420e-03]
 [5.73495090e-01 3.79602134e-01 4.69028167e-02]
 [1.98000431e-01 4.96560365e-01 3.05439204e-01]
 [8.47217321e-01 1.52204588e-01 5.78082341e-04]
 [7.79672623e-01 2.15917394e-01 4.40990645e-03]
 [8.58048499e-01 1.40564576e-01 1.38695189e-03]
 [3.15046608e-02 5.46113253e-01 4.22382027e-01]
 [2.18626231e-01 5.52257121e-01 2.29116619e-01]
 [8.87733936e-01 1.12025358e-01 2.40739406e-04]
 [2.13850975e-01 4.85476583e-01 3.00672442e-01]
 [7.80876055e-02 5.61990440e-01 3.59921962e-01]
 [2.43178997e-02 4.08941835e-01 5.66740274e-01]
 [1.52275031e-02 4.69560444e-01 5.15211999e-01]
 [4.80376333e-01 4.42507505e-01 7.71161765e-02]
 [4.52475965e-01 4.92484331e-01 5.50396331e-02]
 [9.60531950e-01 3.94483209e-02 1.96838791e-05]
 [8.92212629e-01 1.07443303e-01 3.44037777e-04]
 [9.26063061e-01 7.38329887e-02 1.04043625e-04]
 [6.36943042e-01 3.43529999e-01 1.95269194e-02]
 [7.26969004e-01 2.62502223e-01 1.05287563e-02]
 [8.88744235e-01 1.10917032e-01 3.38733633e-04]
 [7.77776003e-01 2.17724308e-01 4.49973485e-03]
 [6.55473828e-01 3.34732831e-01 9.79333743e-03]
 [7.59110749e-01 2.35768065e-01 5.12117380e-03]
 [3.12753469e-02 5.55014968e-01 4.13709670e-01]
 [8.90830040e-01 1.08553827e-01 6.16115227e-04]
 [4.41096425e-01 4.52860951e-01 1.06042564e-01]
 [6.74038351e-01 3.18504274e-01 7.45745935e-03]
 [7.58495629e-01 2.35726118e-01 5.77825634e-03]
 [5.49081080e-02 5.05400598e-01 4.39691305e-01]
 [4.01796699e-02 4.65544134e-01 4.94276166e-01]
 [8.03431392e-01 1.93656698e-01 2.91193975e-03]
 [1.09889552e-01 4.55909759e-01 4.34200644e-01]
 [8.89249206e-01 1.10312566e-01 4.38234420e-04]
 [6.54344261e-01 3.27385187e-01 1.82706583e-02]
 [5.06609045e-02 4.51905280e-01 4.97433782e-01]
 [2.65648644e-02 4.52402890e-01 5.21032274e-01]
 [2.53928035e-01 6.71506345e-01 7.45656490e-02]
 [8.86463821e-01 9.15168971e-03 1.04384564e-01]
 [3.93697679e-01 3.42409849e-01 2.63892502e-01]
 [2.78302282e-01 6.36889875e-01 8.48077908e-02]
 [2.64896095e-01 6.48761809e-01 8.63421112e-02]
 [9.90230620e-01 3.19609608e-05 9.73741151e-03]
 [6.33449554e-02 9.36354995e-01 3.00026441e-04]
 [2.59601951e-01 5.87425828e-01 1.52972221e-01]
 [4.75856781e-01 2.59467423e-01 2.64675736e-01]
 [4.18665498e-01 3.18403244e-01 2.62931228e-01]
 [2.26845652e-01 6.99086905e-01 7.40674287e-02]
 [3.05089265e-01 4.78958189e-01 2.15952486e-01]
 [2.77029634e-01 6.20286345e-01 1.02683999e-01]
 [2.63642371e-01 6.79939806e-01 5.64178489e-02]
 [2.58141428e-01 6.14675522e-01 1.27183124e-01]
 [4.47288752e-01 2.82445699e-01 2.70265579e-01]
 [2.19036594e-01 6.86443329e-01 9.45200771e-02]
 [2.17650786e-01 7.37632096e-01 4.47171442e-02]
 [3.23261112e-01 4.02830094e-01 2.73908824e-01]
 [2.51483351e-01 5.52736759e-01 1.95779905e-01]
 [2.82629609e-01 4.85537767e-01 2.31832638e-01]
 [6.34814739e-01 1.08058788e-01 2.57126510e-01]
 [8.43248069e-01 2.14039534e-02 1.35347947e-01]
 [6.71209872e-01 8.91447663e-02 2.39645392e-01]
 [2.58794874e-01 6.19785964e-01 1.21419124e-01]
 [2.14504674e-01 7.26881385e-01 5.86139075e-02]
 [2.13566408e-01 6.69938147e-01 1.16495475e-01]
 [2.75686204e-01 5.18170953e-01 2.06142828e-01]
 [4.00372326e-01 3.34524065e-01 2.65103638e-01]
 [1.42896846e-01 8.47600341e-01 9.50286351e-03]
 [1.83866024e-01 7.75835276e-01 4.02987152e-02]
 [2.62709647e-01 6.69357955e-01 6.79323748e-02]
 [6.83043778e-01 6.99030608e-02 2.47053161e-01]
 [8.38396907e-01 1.68322157e-02 1.44770935e-01]
 [2.16743827e-01 6.62514627e-01 1.20741509e-01]
 [5.47773302e-01 1.46571890e-01 3.05654794e-01]
 [8.34177732e-01 2.16030199e-02 1.44219235e-01]
 [3.90268922e-01 2.84224212e-01 3.25506806e-01]
 [6.36537135e-01 1.19917959e-01 2.43544966e-01]
 [9.13879752e-01 5.27100218e-03 8.08492973e-02]
 [7.39373386e-01 6.00262322e-02 2.00600445e-01]
 [2.01216534e-01 7.33460665e-01 6.53228313e-02]
 [8.59256923e-01 1.69185065e-02 1.23824596e-01]
 [8.96159351e-01 9.70557891e-03 9.41350609e-02]
 [6.00782275e-01 1.48905203e-01 2.50312507e-01]
 [6.25746608e-01 1.19069435e-01 2.55183965e-01]
 [2.33462229e-01 6.44988358e-01 1.21549457e-01]
 [2.13908806e-01 7.13957727e-01 7.21333921e-02]
 [2.71138996e-01 6.06485486e-01 1.22375511e-01]
 [2.77460575e-01 6.55014753e-01 6.75246939e-02]
 [2.36708820e-01 7.19882488e-01 4.34086956e-02]
 [2.51115978e-01 7.00522006e-01 4.83619608e-02]]","{'proj1.weight': tensor([[ 0.0359,  0.0659,  0.0092,  ...,  0.0970,  0.0824, -0.0134],
        [ 0.0718, -0.0577,  0.0803,  ...,  0.0383,  0.0071, -0.0058],
        [-0.0529,  0.0304, -0.0231,  ..., -0.0634, -0.0580, -0.0455],
        ...,
        [ 0.0198, -0.0174, -0.0239,  ..., -0.0342,  0.0551,  0.0250],
        [-0.0030,  0.0009, -0.0739,  ..., -0.0657, -0.0680,  0.0023],
        [ 0.0691,  0.0252,  0.0075,  ...,  0.0634, -0.0846, -0.0483]]), 'proj1.bias': tensor([-3.9131e-02,  2.2928e-02, -3.5846e-02,  1.1927e-03,  4.4723e-02,
         2.1361e-02, -1.6438e-02, -8.3161e-03, -1.0426e-02, -7.0465e-02,
        -4.6121e-02,  2.7204e-02, -5.2500e-02,  1.1585e-02,  6.1457e-02,
         2.7116e-02, -6.0667e-02, -8.4030e-02, -7.5705e-02, -5.9381e-02,
        -7.5572e-02, -7.9360e-02, -4.8189e-02, -7.7691e-02, -5.6362e-02,
        -6.9932e-02,  7.4487e-03,  7.9811e-02,  1.3201e-02, -9.9826e-02,
        -5.4126e-02, -6.4905e-02,  6.5346e-02, -7.0733e-02,  6.1761e-02,
         9.7995e-02, -5.5460e-02,  4.8205e-02, -2.1105e-02, -7.6665e-03,
        -4.8772e-02,  9.3451e-02,  2.1782e-02, -4.6729e-02, -3.5302e-02,
         2.5122e-02, -7.4015e-02, -3.9334e-02,  1.7262e-02,  9.1196e-02,
         8.4644e-02,  1.5845e-03,  6.6186e-02,  2.4900e-02, -8.4968e-02,
        -7.0801e-03, -4.6547e-03, -9.0914e-02, -4.3533e-02, -2.9527e-02,
         1.6972e-02,  1.0248e-02,  5.2009e-02,  7.5288e-02,  2.1055e-02,
         5.2542e-02,  9.3985e-02, -3.8313e-02,  6.7350e-02,  9.5444e-02,
        -9.7329e-02, -3.3907e-02,  3.9170e-02,  2.1284e-02, -8.4143e-02,
         4.6554e-02,  3.0165e-02,  8.6339e-02,  8.5632e-02,  5.9240e-02,
        -1.0116e-01,  6.5640e-02, -5.0452e-02,  2.2057e-02,  3.6483e-02,
         5.0659e-02, -8.3171e-02,  3.2643e-02, -6.6132e-03, -6.7913e-02,
         4.2321e-02,  2.5605e-02,  2.6079e-02,  8.2552e-02,  2.4740e-02,
         5.5427e-02, -7.0078e-02,  4.3131e-02, -9.7007e-02,  6.7106e-02,
        -1.7334e-02,  6.9961e-02,  5.3690e-02, -2.3575e-02,  6.5795e-02,
         2.6305e-02,  5.2347e-02, -8.4632e-05,  4.2151e-02,  3.6374e-02,
        -7.9397e-02, -9.1632e-03,  4.3266e-02, -9.3721e-02,  6.2198e-02,
         2.2306e-02, -1.4115e-02, -7.2285e-02,  1.7077e-02,  5.4960e-03,
        -3.0226e-02, -8.5028e-02, -6.8379e-03, -1.6254e-02,  9.0970e-02,
        -5.0358e-02,  6.2260e-02,  9.1700e-03]), 'bn1.weight': tensor([1.0070, 1.0002, 1.0136, 1.0000, 1.0015, 1.0050, 1.0106, 1.0129, 1.0109,
        1.0137, 1.0094, 1.0141, 1.0071, 1.0051, 0.9908, 1.0060, 1.0105, 1.0012,
        1.0081, 1.0022, 1.0123, 1.0043, 1.0049, 1.0090, 1.0143, 1.0089, 0.9978,
        0.9874, 1.0078, 0.9925, 1.0044, 1.0024, 1.0064, 1.0069, 1.0024, 1.0081,
        1.0100, 1.0131, 1.0081, 1.0102, 1.0134, 1.0059, 1.0140, 1.0032, 1.0064,
        0.9976, 1.0071, 1.0075, 1.0076, 1.0105, 1.0066, 1.0128, 1.0139, 0.9921,
        1.0062, 1.0082, 1.0091, 1.0076, 1.0021, 1.0050, 1.0005, 1.0069, 1.0001,
        1.0038, 0.9967, 1.0039, 0.9936, 1.0072, 1.0043, 1.0119, 1.0034, 1.0130,
        1.0026, 0.9984, 1.0007, 1.0081, 1.0084, 1.0117, 0.9906, 1.0011, 1.0141,
        0.9953, 1.0063, 1.0140, 1.0134, 0.9916, 1.0021, 1.0076, 1.0021, 1.0116,
        1.0118, 1.0134, 1.0077, 0.9891, 1.0116, 1.0026, 1.0072, 1.0106, 1.0026,
        0.9976, 0.9921, 1.0063, 1.0032, 1.0082, 1.0074, 1.0103, 1.0128, 1.0037,
        0.9986, 1.0092, 1.0048, 1.0135, 0.9999, 1.0007, 1.0058, 1.0004, 1.0080,
        1.0007, 1.0116, 1.0093, 1.0113, 1.0061, 1.0133, 1.0056, 1.0072, 1.0141,
        1.0045, 1.0112]), 'bn1.bias': tensor([ 0.0063, -0.0016,  0.0061,  0.0040,  0.0016,  0.0031,  0.0016,  0.0140,
         0.0037,  0.0055,  0.0042,  0.0137,  0.0049,  0.0027, -0.0085,  0.0070,
        -0.0090, -0.0023,  0.0041, -0.0046,  0.0134,  0.0056,  0.0050,  0.0131,
         0.0139,  0.0078, -0.0001,  0.0007,  0.0030, -0.0039, -0.0017,  0.0032,
         0.0016,  0.0040,  0.0010,  0.0107,  0.0079,  0.0130,  0.0041,  0.0057,
         0.0090,  0.0067,  0.0139, -0.0005, -0.0041,  0.0043,  0.0022,  0.0013,
         0.0007,  0.0080,  0.0063,  0.0130,  0.0137, -0.0013,  0.0003,  0.0072,
         0.0067,  0.0038, -0.0004,  0.0061,  0.0006,  0.0075, -0.0073,  0.0021,
         0.0059,  0.0002,  0.0006,  0.0087,  0.0019,  0.0089,  0.0002,  0.0030,
        -0.0013, -0.0016, -0.0072,  0.0041,  0.0027,  0.0141, -0.0091, -0.0003,
         0.0093, -0.0052,  0.0022,  0.0129,  0.0046, -0.0092,  0.0003,  0.0052,
        -0.0028,  0.0121,  0.0116,  0.0087,  0.0052, -0.0081,  0.0133,  0.0018,
         0.0063,  0.0088,  0.0004, -0.0066,  0.0097,  0.0073,  0.0006,  0.0031,
         0.0084,  0.0136,  0.0124,  0.0044, -0.0030,  0.0128,  0.0054,  0.0104,
        -0.0119,  0.0015, -0.0010,  0.0029, -0.0003, -0.0035,  0.0067,  0.0090,
         0.0095,  0.0034,  0.0036,  0.0051,  0.0092,  0.0139,  0.0024,  0.0101]), 'bn1.running_mean': tensor([-0.0326,  0.0693, -0.0502,  0.1025,  0.0016, -0.1513,  0.0205, -0.0761,
        -0.0886, -0.1241,  0.0231, -0.0580, -0.1913,  0.0624, -0.0885, -0.0213,
         0.1400,  0.0549, -0.1011,  0.1117, -0.1354, -0.1918,  0.0355, -0.0727,
        -0.0820, -0.0750,  0.0046,  0.1474,  0.1337, -0.1658, -0.1394, -0.1351,
         0.1888, -0.0389,  0.0903, -0.0816, -0.1775,  0.0877, -0.0780,  0.0660,
        -0.0828,  0.1742,  0.1642, -0.1013, -0.1139,  0.1416,  0.0944, -0.1329,
         0.3728,  0.0790,  0.2463, -0.1654,  0.0446, -0.0661, -0.3074, -0.0164,
         0.1632,  0.0767, -0.0498,  0.0306, -0.0871,  0.0939, -0.2096,  0.0107,
         0.1848,  0.2395,  0.2049, -0.0437,  0.0857,  0.0442,  0.0903, -0.2602,
         0.0401,  0.0482,  0.2560,  0.1680, -0.0235,  0.0042,  0.3459,  0.2172,
        -0.1523,  0.2476,  0.2713,  0.0089,  0.0498,  0.1715, -0.0074,  0.1588,
         0.0012, -0.1851,  0.0314,  0.0579,  0.0894, -0.0049,  0.2877,  0.2842,
        -0.1195, -0.0749, -0.1312, -0.0330, -0.1958,  0.1903,  0.0942, -0.1666,
        -0.0158,  0.1167, -0.0168,  0.0531, -0.1246,  0.0353, -0.0670, -0.2448,
         0.0933, -0.1007,  0.0397,  0.1013, -0.0482,  0.0103,  0.0671,  0.1888,
        -0.1275, -0.1891,  0.0293,  0.0585, -0.0202, -0.1494, -0.0661,  0.0946]), 'bn1.running_var': tensor([0.0065, 0.0048, 0.0068, 0.0093, 0.0100, 0.0068, 0.0054, 0.0065, 0.0064,
        0.0082, 0.0080, 0.0072, 0.0062, 0.0054, 0.0054, 0.0063, 0.0119, 0.0130,
        0.0092, 0.0121, 0.0077, 0.0179, 0.0084, 0.0063, 0.0057, 0.0053, 0.0051,
        0.0048, 0.0091, 0.0098, 0.0083, 0.0104, 0.0151, 0.0102, 0.0107, 0.0240,
        0.0105, 0.0075, 0.0064, 0.0053, 0.0046, 0.0052, 0.0069, 0.0067, 0.0131,
        0.0103, 0.0123, 0.0196, 0.0187, 0.0041, 0.0120, 0.0056, 0.0050, 0.0050,
        0.0127, 0.0058, 0.0051, 0.0092, 0.0085, 0.0051, 0.0066, 0.0060, 0.0083,
        0.0078, 0.0095, 0.0238, 0.0052, 0.0049, 0.0199, 0.0068, 0.0084, 0.0058,
        0.0164, 0.0106, 0.0178, 0.0091, 0.0048, 0.0050, 0.0090, 0.0134, 0.0033,
        0.0103, 0.0223, 0.0035, 0.0070, 0.0055, 0.0070, 0.0124, 0.0061, 0.0067,
        0.0113, 0.0049, 0.0117, 0.0101, 0.0060, 0.0103, 0.0068, 0.0071, 0.0118,
        0.0157, 0.0174, 0.0097, 0.0044, 0.0146, 0.0061, 0.0094, 0.0052, 0.0112,
        0.0130, 0.0050, 0.0135, 0.0054, 0.0097, 0.0120, 0.0058, 0.0077, 0.0095,
        0.0167, 0.0085, 0.0058, 0.0076, 0.0056, 0.0123, 0.0084, 0.0055, 0.0048,
        0.0064, 0.0068]), 'bn1.num_batches_tracked': tensor(41), 'proj2.weight': tensor([[ 0.0537, -0.0385, -0.0147,  ..., -0.0068, -0.0006,  0.0412],
        [ 0.0905, -0.0862, -0.0282,  ...,  0.0265, -0.0804, -0.0429],
        [-0.0571,  0.0596,  0.0271,  ..., -0.0402, -0.0202, -0.0346],
        ...,
        [ 0.0919,  0.0234, -0.0198,  ...,  0.0792,  0.0033, -0.0819],
        [ 0.0607,  0.0237, -0.0627,  ...,  0.0728,  0.0150,  0.0353],
        [-0.0100,  0.0848, -0.0828,  ...,  0.0782,  0.0900,  0.0409]]), 'proj2.bias': tensor([-0.0585,  0.0804,  0.0199,  0.0458, -0.0349, -0.0047, -0.0671,  0.0654,
        -0.0054,  0.0909,  0.0709,  0.1015,  0.0731,  0.0794, -0.0913,  0.0248,
         0.0689, -0.0004, -0.0776, -0.0087, -0.0704,  0.0675, -0.0768,  0.0169,
        -0.0982, -0.0791,  0.0476, -0.0756,  0.0056,  0.0500,  0.0989,  0.0428,
        -0.0740,  0.0683,  0.0363, -0.0698,  0.0332, -0.0208,  0.0398,  0.0976,
         0.0745,  0.0604, -0.0132, -0.0778,  0.0707, -0.0101, -0.0442, -0.0015,
         0.0594,  0.0184,  0.0888,  0.0503,  0.0121,  0.0385,  0.0354, -0.0772,
        -0.0183, -0.0151,  0.0112,  0.0814,  0.0129, -0.0598, -0.0157,  0.0643,
         0.0838, -0.0828,  0.0850, -0.0794, -0.0087, -0.0153, -0.0545, -0.0946,
        -0.0763,  0.0332, -0.0770,  0.0079,  0.0461, -0.0408,  0.0863,  0.0126,
        -0.0198, -0.0482, -0.0428, -0.0333,  0.0277, -0.0435, -0.0546,  0.0877,
        -0.0570,  0.0047, -0.0098,  0.0933,  0.0757,  0.0045,  0.0781,  0.0092,
         0.0152, -0.0029,  0.0901,  0.0796,  0.0730, -0.0035,  0.0221, -0.0438,
        -0.0734, -0.0614,  0.0670,  0.0125, -0.0279,  0.0205,  0.0949,  0.0272,
         0.0350,  0.0239, -0.0803, -0.0364, -0.0556, -0.0768, -0.0950, -0.0479,
        -0.0430, -0.0105, -0.0439,  0.0160, -0.0542,  0.0078,  0.0605,  0.0471]), 'bn2.weight': tensor([0.9964, 1.0033, 1.0076, 1.0135, 1.0133, 1.0126, 1.0028, 1.0089, 1.0135,
        1.0068, 1.0065, 1.0132, 0.9941, 1.0080, 1.0127, 1.0100, 1.0117, 1.0082,
        1.0103, 1.0041, 1.0138, 1.0114, 1.0126, 1.0112, 1.0116, 1.0112, 1.0119,
        1.0071, 1.0140, 1.0072, 1.0141, 1.0098, 1.0140, 1.0140, 1.0129, 1.0146,
        1.0138, 1.0135, 1.0125, 1.0106, 1.0040, 1.0127, 1.0080, 1.0138, 1.0128,
        0.9872, 1.0132, 1.0081, 1.0133, 1.0107, 1.0056, 1.0136, 1.0071, 1.0109,
        1.0102, 1.0084, 1.0045, 1.0051, 1.0139, 1.0109, 1.0097, 0.9958, 1.0125,
        0.9946, 1.0111, 1.0092, 1.0106, 1.0138, 1.0074, 1.0062, 1.0140, 1.0021,
        0.9987, 1.0100, 1.0127, 1.0088, 1.0142, 1.0137, 1.0074, 1.0136, 1.0023,
        1.0106, 1.0141, 1.0127, 1.0145, 1.0126, 1.0073, 1.0030, 1.0065, 1.0073,
        1.0105, 1.0132, 1.0066, 1.0012, 1.0077, 1.0143, 1.0072, 1.0079, 1.0130,
        1.0142, 1.0077, 1.0087, 1.0113, 1.0086, 1.0094, 1.0050, 1.0141, 1.0113,
        1.0117, 1.0108, 1.0011, 1.0141, 1.0136, 1.0118, 1.0101, 1.0113, 1.0145,
        1.0115, 1.0087, 0.9912, 1.0116, 1.0116, 1.0111, 1.0114, 1.0092, 1.0130,
        1.0110, 0.9963]), 'bn2.bias': tensor([-0.0026,  0.0128,  0.0041,  0.0013,  0.0129,  0.0132, -0.0079,  0.0118,
         0.0139,  0.0009,  0.0039,  0.0139, -0.0041,  0.0082,  0.0111,  0.0098,
         0.0138,  0.0080,  0.0101,  0.0090,  0.0111,  0.0098,  0.0119,  0.0119,
         0.0135,  0.0109,  0.0138,  0.0077,  0.0103,  0.0069,  0.0142,  0.0092,
         0.0126,  0.0129,  0.0134,  0.0145,  0.0140,  0.0124,  0.0097,  0.0112,
        -0.0031,  0.0039,  0.0142,  0.0123, -0.0017, -0.0143,  0.0047,  0.0073,
        -0.0018,  0.0122,  0.0137,  0.0116,  0.0123,  0.0116,  0.0034,  0.0091,
         0.0034,  0.0039,  0.0136,  0.0130,  0.0007, -0.0075,  0.0123, -0.0106,
         0.0140,  0.0085,  0.0102,  0.0121, -0.0020,  0.0106,  0.0141,  0.0035,
        -0.0023,  0.0119,  0.0125,  0.0101,  0.0141,  0.0137,  0.0054,  0.0136,
         0.0054,  0.0062,  0.0144,  0.0109,  0.0141,  0.0080,  0.0080, -0.0002,
         0.0088,  0.0078, -0.0010,  0.0122,  0.0036, -0.0012,  0.0092,  0.0138,
         0.0082, -0.0020,  0.0109,  0.0141,  0.0044, -0.0002,  0.0039,  0.0037,
         0.0071,  0.0089,  0.0133,  0.0094,  0.0078,  0.0036, -0.0040, -0.0120,
         0.0135,  0.0051,  0.0115,  0.0121,  0.0101,  0.0080,  0.0096, -0.0022,
         0.0104,  0.0079,  0.0104,  0.0135,  0.0073,  0.0054,  0.0029, -0.0047]), 'bn2.running_mean': tensor([ 0.0158,  0.1004,  0.0117,  0.0816, -0.0265, -0.0002, -0.0265,  0.0405,
        -0.0158,  0.1414,  0.0491,  0.1351,  0.1401,  0.1009, -0.1446,  0.0242,
         0.0666, -0.0156, -0.0687,  0.0055, -0.0449,  0.0488, -0.0608,  0.0190,
        -0.1657, -0.1020,  0.0526, -0.1012,  0.0100,  0.0394,  0.0841,  0.0342,
        -0.0988,  0.0191,  0.0640, -0.0307, -0.0346, -0.0443,  0.0347,  0.1277,
         0.0812,  0.0457, -0.0302, -0.0792,  0.1002,  0.0120, -0.0243,  0.0067,
         0.0795,  0.0402,  0.0962,  0.0645, -0.0326,  0.0409,  0.0939, -0.0476,
        -0.0451, -0.0231, -0.0184,  0.0812,  0.0711, -0.0549, -0.0306,  0.0699,
         0.0497, -0.1224,  0.1367, -0.0972, -0.0847, -0.0060, -0.0959, -0.1153,
        -0.0297, -0.0144, -0.0863,  0.0809,  0.0455, -0.0168,  0.1026,  0.0173,
        -0.0916, -0.0631, -0.0786, -0.0279,  0.0237, -0.0194, -0.0337,  0.1018,
        -0.0693, -0.0089,  0.0281,  0.0670,  0.1223,  0.0013,  0.1021,  0.0132,
        -0.0020,  0.0429,  0.0728,  0.1198,  0.0881,  0.0044,  0.0257, -0.0874,
        -0.0757, -0.0608,  0.1049, -0.0188,  0.0046,  0.0543,  0.1145,  0.0926,
         0.0777, -0.0173, -0.1450, -0.0520, -0.0490, -0.0390, -0.1277, -0.0096,
        -0.0496, -0.0039, -0.1071,  0.0146, -0.0033,  0.0937,  0.1009,  0.0288]), 'bn2.running_var': tensor([0.0042, 0.0035, 0.0059, 0.0036, 0.0054, 0.0038, 0.0038, 0.0061, 0.0047,
        0.0046, 0.0040, 0.0040, 0.0050, 0.0047, 0.0037, 0.0052, 0.0041, 0.0042,
        0.0044, 0.0047, 0.0046, 0.0045, 0.0049, 0.0042, 0.0036, 0.0039, 0.0056,
        0.0035, 0.0045, 0.0038, 0.0048, 0.0055, 0.0040, 0.0044, 0.0044, 0.0043,
        0.0047, 0.0052, 0.0049, 0.0048, 0.0032, 0.0040, 0.0041, 0.0046, 0.0043,
        0.0038, 0.0047, 0.0040, 0.0050, 0.0051, 0.0060, 0.0035, 0.0038, 0.0044,
        0.0039, 0.0051, 0.0050, 0.0061, 0.0040, 0.0047, 0.0042, 0.0049, 0.0047,
        0.0040, 0.0044, 0.0043, 0.0042, 0.0033, 0.0051, 0.0048, 0.0041, 0.0045,
        0.0042, 0.0056, 0.0036, 0.0038, 0.0032, 0.0042, 0.0051, 0.0041, 0.0047,
        0.0044, 0.0041, 0.0036, 0.0047, 0.0039, 0.0047, 0.0043, 0.0046, 0.0044,
        0.0040, 0.0045, 0.0058, 0.0049, 0.0042, 0.0044, 0.0048, 0.0050, 0.0055,
        0.0050, 0.0038, 0.0047, 0.0055, 0.0046, 0.0038, 0.0057, 0.0043, 0.0055,
        0.0060, 0.0045, 0.0055, 0.0043, 0.0047, 0.0044, 0.0049, 0.0054, 0.0034,
        0.0049, 0.0042, 0.0036, 0.0045, 0.0052, 0.0038, 0.0035, 0.0046, 0.0047,
        0.0045, 0.0039]), 'bn2.num_batches_tracked': tensor(41), 'proj3.weight': tensor([[-0.0358, -0.0832, -0.0010,  ...,  0.0476,  0.0576, -0.0161],
        [ 0.0751, -0.0053, -0.0761,  ...,  0.0202, -0.0943, -0.0762],
        [-0.0821,  0.0967,  0.0809,  ..., -0.0500, -0.1030, -0.0606],
        ...,
        [-0.0202, -0.0189,  0.0950,  ...,  0.0130, -0.0939,  0.0698],
        [ 0.0693, -0.0479, -0.0088,  ...,  0.0095, -0.0904,  0.0903],
        [-0.0041,  0.1113,  0.0519,  ...,  0.0536, -0.0779, -0.0784]]), 'proj3.bias': tensor([ 0.0693, -0.0912,  0.0462, -0.0560,  0.0951,  0.0677, -0.0431,  0.0916,
        -0.0603, -0.0057, -0.0617, -0.0790,  0.0809, -0.0958, -0.0215,  0.0881,
         0.0814,  0.0804,  0.0667,  0.0630,  0.0021, -0.0056, -0.0487, -0.0541,
         0.0337,  0.0535,  0.0084,  0.0494, -0.0462,  0.0975,  0.0144,  0.0090,
         0.0188,  0.0826, -0.0695, -0.0602,  0.0552,  0.0019,  0.0794,  0.0541,
        -0.0239, -0.0040,  0.0718, -0.0376, -0.0585,  0.0012, -0.0091, -0.0054,
         0.0031,  0.0836, -0.0344,  0.0074, -0.0952,  0.0015, -0.0780,  0.0027,
        -0.0063,  0.0300, -0.0342, -0.0330,  0.0232, -0.0560,  0.0443, -0.0714,
        -0.0420, -0.0394, -0.0968,  0.0979, -0.0347, -0.0850, -0.0127,  0.0266,
         0.0584,  0.0051,  0.0409,  0.0216, -0.0629, -0.0451, -0.0486,  0.0400,
         0.0546,  0.0156, -0.0659,  0.0700,  0.0488,  0.0722,  0.0407, -0.0397,
        -0.0744, -0.0355,  0.0073, -0.0463, -0.0450,  0.0177, -0.0976,  0.0084,
         0.0276, -0.0744, -0.0409, -0.0484, -0.0554, -0.0269,  0.0313,  0.0917,
         0.0278,  0.0458, -0.0149, -0.0845, -0.0690,  0.0448, -0.0263, -0.0239,
         0.0218,  0.0755,  0.0432, -0.0425, -0.0983,  0.0445, -0.0895,  0.0261,
         0.0314, -0.0945, -0.0468, -0.0656, -0.0428, -0.0337, -0.0815, -0.0096]), 'bn3.weight': tensor([1.0061, 1.0106, 1.0020, 1.0097, 1.0123, 1.0016, 1.0126, 1.0140, 1.0092,
        0.9960, 1.0144, 1.0115, 1.0048, 1.0108, 1.0118, 1.0105, 1.0039, 1.0073,
        1.0126, 0.9927, 1.0114, 0.9995, 1.0057, 1.0122, 1.0036, 1.0025, 1.0057,
        1.0131, 1.0091, 1.0140, 1.0064, 1.0143, 0.9968, 1.0043, 1.0018, 0.9972,
        0.9987, 1.0107, 1.0043, 1.0143, 1.0054, 0.9887, 1.0009, 1.0131, 1.0112,
        1.0138, 1.0091, 1.0141, 1.0043, 1.0140, 1.0138, 0.9917, 1.0143, 1.0114,
        1.0146, 1.0086, 0.9997, 1.0079, 1.0093, 1.0052, 0.9961, 1.0143, 1.0049,
        1.0127, 1.0131, 1.0040, 1.0110, 1.0036, 1.0133, 1.0098, 1.0063, 1.0119,
        1.0118, 1.0082, 1.0075, 1.0034, 1.0135, 1.0120, 1.0143, 0.9934, 1.0035,
        1.0032, 1.0142, 1.0048, 1.0071, 1.0041, 0.9970, 1.0030, 1.0127, 1.0073,
        0.9915, 1.0069, 1.0026, 1.0119, 1.0113, 1.0095, 1.0138, 1.0023, 1.0032,
        1.0106, 1.0090, 1.0096, 1.0062, 0.9972, 1.0076, 1.0069, 1.0065, 1.0099,
        1.0020, 1.0106, 1.0058, 1.0122, 1.0123, 1.0140, 1.0144, 1.0038, 1.0110,
        1.0136, 1.0138, 1.0074, 1.0100, 1.0139, 1.0110, 1.0099, 1.0086, 0.9967,
        1.0140, 1.0110]), 'bn3.bias': tensor([ 8.1453e-03,  1.2803e-02,  3.7440e-03,  1.0917e-02,  1.1997e-02,
        -1.2894e-02,  1.0015e-02,  1.2469e-02,  1.3581e-02, -2.5660e-03,
         1.0386e-02,  8.5256e-03,  1.0790e-02,  9.5338e-03,  1.1492e-02,
         2.3532e-03,  2.0352e-04,  4.8407e-03,  6.7516e-03, -9.5570e-03,
        -8.7588e-03, -3.6981e-05,  7.1544e-03,  7.2356e-03,  2.0420e-03,
        -1.1036e-02,  1.0488e-02,  1.1943e-02,  8.4320e-03,  1.3040e-02,
         1.0146e-02,  1.3804e-02, -8.8955e-03, -1.2674e-04,  6.5491e-03,
        -1.0133e-02, -6.1134e-03,  8.1133e-03,  9.0636e-03,  1.3964e-02,
         5.0565e-03, -1.3562e-02, -1.8803e-04,  1.4363e-02,  6.7743e-03,
         1.3066e-02,  7.1173e-03,  1.4339e-02,  1.4165e-02,  1.3960e-02,
         1.4109e-02, -1.1472e-02,  1.4128e-02,  4.1283e-03,  1.4329e-02,
         6.1523e-03, -5.5951e-03,  8.7740e-03, -3.0238e-03,  3.8927e-03,
        -1.0699e-02,  4.3535e-03,  2.9771e-03,  1.2798e-02,  1.9665e-04,
         1.4151e-02,  9.8966e-03, -1.0543e-02,  1.0730e-02,  4.4698e-03,
         2.8096e-03,  1.0054e-02,  1.0010e-02,  9.7256e-03,  8.0366e-03,
        -5.1632e-03,  6.8024e-03,  7.3657e-03,  6.1930e-03, -3.8152e-03,
         7.8772e-03, -1.1660e-03,  1.3538e-02,  6.5150e-04,  1.1391e-02,
         3.4515e-03, -6.3300e-03,  3.1811e-03,  9.4183e-03,  8.5982e-03,
         8.7844e-03,  8.9614e-03,  1.3060e-02,  7.4967e-03,  9.8713e-03,
         1.0048e-02,  1.3348e-02, -1.2683e-02,  4.5529e-03,  8.6846e-03,
         3.1276e-04, -6.4429e-04,  8.7476e-03, -1.1773e-02,  7.6736e-03,
         8.8187e-03,  6.2249e-03, -7.2005e-03, -1.0306e-03,  9.0168e-03,
         3.8213e-03,  1.2530e-02,  7.3701e-03,  1.3995e-02,  1.4336e-02,
        -1.6106e-03,  5.7837e-03,  1.2441e-02,  1.1674e-02,  2.6898e-03,
         1.0661e-02,  3.7937e-03,  9.9669e-03,  1.0233e-02,  6.8035e-03,
        -2.8178e-03,  6.2470e-04,  9.9739e-03]), 'bn3.running_mean': tensor([-3.4064e-01, -8.2123e-03, -2.3253e-01, -3.2113e-01,  2.5479e-01,
        -1.5209e-01,  3.4505e-01, -2.1865e-01,  1.7377e-01, -1.9844e-01,
         3.0765e-02, -9.7543e-03, -1.3922e-01, -3.7013e-01, -1.5938e-02,
        -2.3301e-01,  2.3129e-01,  1.1819e-01, -1.8628e-01,  1.7685e-01,
         2.8259e-01,  1.5518e-01, -4.0999e-01, -1.8376e-01,  1.9113e-01,
         2.6438e-01, -1.8374e-01, -1.7546e-01, -1.5033e-01, -1.6173e-02,
        -4.4675e-01, -2.1583e-01, -2.5150e-02, -9.1178e-02,  4.0621e-02,
         3.6556e-02, -1.1380e-01, -1.3947e-01,  2.8496e-01,  1.5434e-02,
        -3.0240e-01, -9.7040e-02,  1.2066e-01,  2.9564e-01, -3.3049e-01,
        -3.4434e-01, -3.5513e-01,  1.2154e-01, -2.9546e-01,  1.9644e-01,
        -5.7028e-01,  4.1527e-01,  8.2504e-02,  2.2545e-01, -1.8173e-01,
        -8.9350e-02, -3.3904e-01,  8.1947e-03, -7.8091e-02, -2.1146e-01,
        -5.8684e-02, -3.9667e-01, -9.9061e-02,  3.8130e-02,  3.2223e-02,
        -4.4354e-01,  5.6347e-01, -2.5150e-01,  2.6974e-02,  2.4026e-01,
         5.1184e-02,  4.1200e-02,  4.8185e-02,  1.3615e-01, -9.6991e-02,
         1.0476e-01, -3.9022e-01, -3.8053e-01, -2.5989e-01, -2.8555e-01,
        -7.5705e-02,  3.6472e-01, -5.5747e-01,  3.0758e-01,  2.5374e-01,
         2.1079e-01,  6.6053e-01, -2.8292e-01, -6.6583e-02,  1.8021e-01,
        -1.6239e-01, -3.6965e-02,  4.4673e-02,  1.6937e-02,  8.0313e-02,
         1.0828e-01,  6.0382e-01, -2.3329e-02, -1.0424e-01, -8.2275e-02,
        -2.7127e-01,  8.3609e-02, -3.6703e-01,  2.1958e-01,  2.5145e-02,
        -2.9566e-01, -8.5119e-03,  1.3383e-03,  1.9862e-02, -4.9268e-02,
         9.2751e-02,  8.8849e-02,  1.0475e-01, -2.8883e-01,  1.2890e-01,
        -4.6545e-01, -3.1499e-01, -2.5532e-01, -2.4086e-01,  9.2164e-03,
        -9.7327e-02, -1.5246e-04, -4.3238e-01, -2.5944e-02,  1.3344e-01,
        -1.2387e-01,  2.5543e-01,  4.0453e-01]), 'bn3.running_var': tensor([0.0310, 0.0184, 0.0276, 0.0256, 0.0103, 0.0255, 0.0294, 0.0162, 0.0190,
        0.0236, 0.0196, 0.0151, 0.0341, 0.0223, 0.0162, 0.0194, 0.0186, 0.0237,
        0.0178, 0.0312, 0.0257, 0.0286, 0.0294, 0.0214, 0.0168, 0.0212, 0.0478,
        0.0222, 0.0130, 0.0217, 0.0245, 0.0177, 0.0247, 0.0229, 0.0285, 0.0208,
        0.0302, 0.0236, 0.0315, 0.0175, 0.0217, 0.0202, 0.0185, 0.0209, 0.0162,
        0.0191, 0.0332, 0.0224, 0.0249, 0.0238, 0.0213, 0.0205, 0.0173, 0.0198,
        0.0169, 0.0266, 0.0219, 0.0142, 0.0200, 0.0182, 0.0179, 0.0217, 0.0297,
        0.0143, 0.0202, 0.0183, 0.0311, 0.0265, 0.0240, 0.0300, 0.0259, 0.0280,
        0.0148, 0.0227, 0.0333, 0.0257, 0.0191, 0.0136, 0.0166, 0.0353, 0.0241,
        0.0245, 0.0214, 0.0237, 0.0192, 0.0515, 0.0271, 0.0246, 0.0170, 0.0237,
        0.0197, 0.0322, 0.0223, 0.0189, 0.0284, 0.0249, 0.0221, 0.0210, 0.0165,
        0.0235, 0.0138, 0.0239, 0.0237, 0.0197, 0.0258, 0.0277, 0.0230, 0.0209,
        0.0197, 0.0276, 0.0125, 0.0241, 0.0157, 0.0248, 0.0266, 0.0182, 0.0355,
        0.0266, 0.0204, 0.0169, 0.0217, 0.0153, 0.0242, 0.0179, 0.0316, 0.0150,
        0.0174, 0.0252]), 'bn3.num_batches_tracked': tensor(41), 'conv1_mod1.lin_l.weight': tensor([[ 0.0465,  0.0260,  0.1011,  ...,  0.0803,  0.0697,  0.0716],
        [ 0.0926,  0.0849,  0.0151,  ...,  0.0937,  0.0427, -0.0415],
        [ 0.0293,  0.0660,  0.0026,  ..., -0.0100,  0.0093, -0.0823],
        ...,
        [ 0.0053, -0.0696,  0.0927,  ..., -0.0250,  0.0991, -0.0045],
        [ 0.0939,  0.0047, -0.0610,  ..., -0.0397,  0.0784,  0.0737],
        [-0.0348,  0.0575, -0.0734,  ..., -0.0153, -0.0855, -0.0935]]), 'conv1_mod1.lin_l.bias': tensor([ 0.0506,  0.0475,  0.0219,  0.0553,  0.0774, -0.0296, -0.0302, -0.0326,
        -0.0650, -0.0199, -0.0318,  0.0644,  0.0565, -0.0767,  0.0881, -0.0323,
        -0.0395,  0.0156, -0.0013,  0.0472, -0.0002, -0.0639, -0.0704,  0.0711,
         0.0220, -0.0583,  0.0530,  0.0390,  0.0358, -0.0254, -0.0838,  0.0875,
        -0.0549,  0.0468,  0.0880, -0.0023,  0.0975, -0.0727, -0.0859, -0.0494,
        -0.0716, -0.0012,  0.0442, -0.0658,  0.0855, -0.0331,  0.0739,  0.0728,
         0.0166,  0.0813, -0.0194,  0.0654, -0.0073,  0.0141, -0.0695,  0.0755,
         0.0825, -0.0520,  0.0253,  0.0801,  0.0040, -0.0890, -0.0744,  0.0658,
         0.0359,  0.0028, -0.0806, -0.0030,  0.0456,  0.0078, -0.0364,  0.0697,
         0.0682,  0.0016,  0.0418,  0.0545, -0.0424,  0.0008,  0.0322,  0.0107,
        -0.0285,  0.0111, -0.0345, -0.0281, -0.0595, -0.0497,  0.0837, -0.0740,
         0.0610, -0.0357, -0.0560,  0.0283,  0.0066,  0.0578,  0.0326,  0.0627,
        -0.0624, -0.0137, -0.0216,  0.0450, -0.0611, -0.0716,  0.0578, -0.0299,
         0.0506, -0.0881,  0.0677,  0.0112,  0.0480, -0.0159,  0.0689, -0.0437,
         0.0618,  0.0449, -0.0383, -0.0538,  0.0840,  0.0040, -0.0036, -0.0531,
         0.0402,  0.0149,  0.0110,  0.0712, -0.0285,  0.1012,  0.0762,  0.0089]), 'conv1_mod1.lin_r.weight': tensor([[ 0.0871, -0.0377, -0.0142,  ..., -0.0045, -0.0023, -0.0211],
        [ 0.0504, -0.0080, -0.0485,  ..., -0.0076, -0.0810, -0.0293],
        [ 0.0008, -0.0030, -0.0474,  ...,  0.0052,  0.0793, -0.0333],
        ...,
        [-0.0092,  0.0163,  0.0715,  ...,  0.0950, -0.0630,  0.0632],
        [ 0.0631, -0.0588, -0.0622,  ..., -0.0683,  0.0846, -0.0159],
        [-0.0470, -0.0593,  0.0589,  ...,  0.0232, -0.0607, -0.0926]]), 'conv1_mod2.lin_l.weight': tensor([[-0.0118, -0.0109, -0.0280,  ..., -0.0348, -0.0371, -0.0406],
        [ 0.0304,  0.0367,  0.0202,  ..., -0.0110,  0.0410, -0.0693],
        [-0.0101, -0.0373,  0.0358,  ..., -0.0382,  0.0560,  0.0205],
        ...,
        [-0.0425,  0.0725,  0.0189,  ...,  0.0636,  0.0928, -0.0294],
        [-0.0854, -0.0370,  0.0577,  ...,  0.0639,  0.0764,  0.0515],
        [ 0.0411,  0.0808,  0.0351,  ...,  0.0756,  0.0036,  0.0021]]), 'conv1_mod2.lin_l.bias': tensor([ 0.0679, -0.0496,  0.0214, -0.0272, -0.0766, -0.0221,  0.0222, -0.0676,
         0.0256, -0.0182, -0.0074,  0.0240,  0.0173,  0.0062, -0.0695,  0.0780,
         0.0012, -0.0277,  0.0412,  0.0188, -0.0806,  0.0244, -0.0012,  0.0809,
        -0.0849, -0.0061,  0.0652, -0.0435, -0.0622,  0.0806, -0.0815,  0.0938,
        -0.0652,  0.0344,  0.0484,  0.0692, -0.0244, -0.0097, -0.0934, -0.0484,
        -0.0159, -0.0108,  0.0697, -0.0502,  0.0224, -0.0498, -0.0060,  0.0550,
         0.0577, -0.0271,  0.0008, -0.0830, -0.0528, -0.0146, -0.0611, -0.0072,
         0.0830, -0.0011, -0.0121,  0.0697, -0.0194,  0.0536,  0.0218, -0.0482,
        -0.0165, -0.0478,  0.0750,  0.0593,  0.0780, -0.0004,  0.0278, -0.0545,
         0.0306,  0.0382, -0.0788, -0.0340, -0.0531, -0.0458,  0.0512,  0.0674,
         0.0370, -0.0286, -0.0262,  0.0835, -0.0729, -0.0361,  0.0719, -0.0658,
        -0.0212,  0.0052,  0.0156, -0.0028,  0.0189, -0.0358,  0.0696, -0.0591,
         0.0209,  0.0900, -0.0236, -0.0356,  0.0590,  0.0204, -0.0208, -0.0357,
         0.0550, -0.0404, -0.0733,  0.0142, -0.0703, -0.0354, -0.0228, -0.0612,
        -0.0559, -0.0430, -0.0344,  0.0053, -0.0283, -0.0769, -0.0573,  0.0039,
         0.0127,  0.0052,  0.0852,  0.0361, -0.0412, -0.0610, -0.0902, -0.0231]), 'conv1_mod2.lin_r.weight': tensor([[ 0.0422, -0.0259,  0.0054,  ...,  0.0471, -0.0645, -0.0725],
        [ 0.0127,  0.0048, -0.0118,  ..., -0.0488,  0.0350,  0.0117],
        [ 0.0235,  0.0251, -0.0831,  ..., -0.0642,  0.0301,  0.0437],
        ...,
        [-0.0725,  0.0098, -0.0857,  ...,  0.0650,  0.0316,  0.0900],
        [ 0.0908,  0.0414, -0.0089,  ..., -0.0607,  0.0809,  0.0549],
        [-0.0757, -0.0610, -0.0494,  ..., -0.0093, -0.0297, -0.0817]]), 'conv1_mod3.lin_l.weight': tensor([[ 1.8793e-02,  3.9305e-02, -3.6815e-02,  ...,  5.7220e-02,
         -4.0418e-02,  8.4908e-02],
        [-4.0711e-02, -3.5686e-02, -5.8057e-03,  ..., -4.6822e-02,
         -4.3469e-03,  4.7102e-02],
        [ 1.0213e-02, -9.3044e-02, -8.0121e-03,  ...,  4.4963e-02,
         -6.2826e-04,  9.9165e-03],
        ...,
        [-1.8727e-02, -4.3893e-02,  4.8248e-02,  ...,  5.0750e-02,
         -2.8163e-02,  6.4403e-02],
        [-9.8105e-05, -7.9996e-02, -3.9381e-03,  ...,  3.9360e-02,
         -4.7822e-02, -6.3150e-02],
        [ 8.7700e-02,  6.0114e-02,  8.0825e-02,  ...,  8.3971e-02,
         -3.9095e-02,  5.3637e-02]]), 'conv1_mod3.lin_l.bias': tensor([ 0.0601,  0.0870,  0.0049,  0.0574,  0.0609,  0.0185, -0.0249,  0.0366,
        -0.0317, -0.0216,  0.0695,  0.0344,  0.0438, -0.0018, -0.0244,  0.0181,
        -0.0127,  0.0768, -0.0010,  0.0955,  0.0051,  0.0132, -0.0767,  0.0369,
        -0.0306, -0.0128,  0.0565, -0.0161,  0.0471, -0.0667, -0.0368, -0.0254,
         0.0321, -0.0027,  0.0116,  0.0240,  0.0101, -0.0267, -0.0448, -0.0020,
         0.0257, -0.0662,  0.0260,  0.0213,  0.0788,  0.0802,  0.0317,  0.0295,
        -0.0516, -0.0235,  0.0457,  0.0640, -0.0406,  0.0215,  0.0060, -0.0076,
         0.0251, -0.0068,  0.0155,  0.0532, -0.0020,  0.0098, -0.0005,  0.0053,
         0.0455, -0.0073, -0.0488, -0.0698,  0.0685, -0.0609,  0.0574,  0.0257,
        -0.0240,  0.0756,  0.0218, -0.0421, -0.0500, -0.0683,  0.0805,  0.0425,
        -0.0124,  0.0123,  0.0338,  0.0331, -0.0646, -0.0054, -0.0669, -0.0272,
         0.0704, -0.0408,  0.0116, -0.0059, -0.0871, -0.0239,  0.0369, -0.0329,
        -0.0935,  0.1024, -0.0361,  0.0459, -0.0721,  0.0057,  0.0320,  0.0029,
        -0.0437, -0.0774, -0.0447, -0.0137, -0.0650, -0.0563, -0.0570,  0.0523,
        -0.0668, -0.0541, -0.0753,  0.0462,  0.0861,  0.0025,  0.0140,  0.0347,
        -0.0618,  0.0776, -0.0785,  0.0804, -0.0433, -0.0448,  0.0486,  0.0792]), 'conv1_mod3.lin_r.weight': tensor([[ 0.0469,  0.0482,  0.0962,  ...,  0.0388,  0.0449, -0.0884],
        [-0.0745, -0.0159,  0.0944,  ..., -0.0410,  0.0809, -0.0175],
        [-0.0474,  0.0627, -0.0179,  ...,  0.0521, -0.0053, -0.0537],
        ...,
        [ 0.0921,  0.0166, -0.0562,  ...,  0.0379, -0.0629,  0.0910],
        [-0.0491,  0.0697,  0.0833,  ..., -0.0127, -0.0504, -0.0474],
        [ 0.0271,  0.0763,  0.0799,  ..., -0.0771, -0.0484,  0.0153]]), 'conv_inter1.lin.weight': tensor([[-0.0144,  0.0462, -0.0703,  ...,  0.0381, -0.0387, -0.0973],
        [ 0.0269,  0.0924,  0.0517,  ...,  0.0779, -0.0760,  0.0252],
        [-0.0010, -0.0544,  0.0318,  ...,  0.0874, -0.0038,  0.0211],
        ...,
        [ 0.0612, -0.0311, -0.0720,  ...,  0.0152,  0.0685,  0.1007],
        [-0.0559, -0.0339,  0.0372,  ...,  0.0366,  0.0138, -0.0407],
        [-0.0119, -0.0446, -0.0373,  ...,  0.0849, -0.0765,  0.0782]]), 'conv_inter1.lin.bias': tensor([ 0.0313, -0.0144, -0.0662, -0.0583, -0.0736, -0.0006, -0.0438,  0.0415,
         0.0430,  0.0398,  0.0333,  0.0535, -0.0138,  0.0841,  0.0156,  0.0325,
        -0.0703, -0.0326,  0.0595, -0.0539,  0.0950,  0.0083, -0.0362,  0.0400,
         0.0279,  0.0610,  0.0836,  0.0816, -0.0346, -0.0460,  0.0250,  0.0203,
        -0.0685, -0.0177, -0.0965, -0.0859,  0.0187,  0.0600, -0.0309,  0.0077,
         0.0516,  0.0669, -0.0229, -0.0439,  0.0651,  0.0366, -0.0610, -0.0515,
         0.0601,  0.0171, -0.0734,  0.0477,  0.0468,  0.0750,  0.0102,  0.0825,
         0.0473, -0.0652, -0.0614,  0.0306,  0.1004, -0.0043, -0.0505, -0.0162,
        -0.0012, -0.0765, -0.0464,  0.0094, -0.0065,  0.0361,  0.0820, -0.0117,
        -0.0617, -0.0549,  0.0419,  0.0282,  0.0378, -0.0673,  0.0036, -0.0628,
         0.0157, -0.0763,  0.0186, -0.0546,  0.0064,  0.0152,  0.0444,  0.0154,
         0.0264,  0.0104, -0.0442, -0.0397, -0.0545,  0.0508,  0.0390,  0.0129,
        -0.0463,  0.0151,  0.0094,  0.0632, -0.0593,  0.0095, -0.0410,  0.0556,
         0.0587,  0.0298, -0.0220,  0.0100,  0.0443, -0.0534, -0.0741, -0.0161,
        -0.0060, -0.0626,  0.0305, -0.0110, -0.0736, -0.0516, -0.0717, -0.0611,
         0.0214, -0.0210, -0.0303,  0.0612, -0.0167, -0.0699, -0.0281, -0.0690]), 'conv_inter1.lin_l.weight': tensor([[ 0.0731, -0.0584, -0.0521,  ...,  0.0431,  0.0270,  0.0645],
        [ 0.0929, -0.0036,  0.0352,  ..., -0.0220, -0.0731, -0.0579],
        [-0.0081, -0.0044, -0.0109,  ...,  0.0236,  0.0436, -0.0294],
        ...,
        [ 0.0003,  0.0174, -0.0366,  ..., -0.0726,  0.0635, -0.0151],
        [-0.0507,  0.0257,  0.0188,  ...,  0.0624,  0.0566, -0.0717],
        [ 0.0578,  0.0172, -0.0263,  ...,  0.0112,  0.0361, -0.0113]]), 'conv_inter1.lin_l.bias': tensor([-4.1903e-02, -3.1315e-02,  6.1083e-02, -5.2309e-02, -6.1069e-02,
         7.2191e-02, -7.3346e-02,  7.9751e-02, -6.2504e-02,  5.8700e-02,
         5.5480e-02, -3.9790e-02,  7.8660e-02, -3.2674e-02, -8.6754e-02,
        -6.5067e-02, -2.7990e-03,  4.1131e-02,  1.9268e-02, -1.4787e-02,
         3.2115e-02,  7.2926e-03, -3.7856e-02,  2.6514e-02,  7.3205e-02,
         9.6073e-02, -2.4244e-02, -6.7285e-02,  5.1415e-02, -6.6640e-02,
         9.2051e-02, -7.2317e-02,  1.5293e-03, -1.1552e-02,  2.4823e-02,
         4.8520e-02, -1.6527e-02, -6.7670e-02, -7.8775e-02, -8.8260e-05,
         3.0330e-02, -5.8613e-03, -5.1597e-02,  4.1934e-02,  5.5597e-02,
         8.1779e-04,  6.7361e-02,  6.8795e-02,  5.3885e-02,  8.0800e-03,
        -5.2519e-02, -6.3882e-02, -7.5823e-03,  2.5402e-02,  2.1283e-02,
         6.1023e-02,  3.7001e-02,  2.3682e-02, -6.2043e-03,  9.0413e-02,
         7.6036e-02,  8.1979e-02, -4.4052e-02,  9.1736e-03, -7.4507e-02,
         8.8152e-03, -2.2419e-02,  2.6240e-02,  2.4125e-02, -7.7475e-02,
        -5.0502e-02,  1.5649e-04,  6.7969e-02,  4.2259e-02, -9.7081e-03,
         5.6759e-02, -3.4753e-02, -9.5474e-02,  4.0970e-02,  8.9819e-04,
         8.0837e-02, -5.8183e-02, -3.2288e-02,  3.3921e-02, -5.2493e-02,
        -6.6776e-02,  7.8895e-02,  6.0140e-02,  4.1870e-03, -8.2736e-02,
        -3.3828e-03, -5.6328e-02, -5.6055e-02,  5.5973e-02,  3.2548e-02,
        -1.0812e-03, -3.7997e-02, -7.1483e-02,  1.5263e-02, -3.4616e-02,
        -2.1813e-02, -6.2905e-02,  6.3888e-02, -2.8448e-02, -8.3647e-02,
         6.1570e-02,  1.7004e-02,  3.0733e-02, -7.5844e-02, -4.6339e-02,
        -1.6953e-03,  8.4533e-02,  6.6181e-02,  7.3429e-02, -1.7436e-02,
        -3.3084e-02, -2.4622e-02,  7.3273e-02, -3.4318e-02,  6.1874e-02,
        -3.6446e-02, -5.8231e-02,  3.3794e-02,  6.1959e-02,  4.3790e-02,
         8.1985e-02,  8.1592e-02, -1.0042e-02]), 'conv_inter1.lin_r.weight': tensor([[ 0.0346,  0.0313,  0.0198,  ...,  0.0057,  0.0399, -0.0798],
        [-0.0106,  0.0843,  0.0826,  ..., -0.0246, -0.0671,  0.0056],
        [-0.0153, -0.0119,  0.0491,  ...,  0.0485, -0.0958,  0.0779],
        ...,
        [ 0.0478, -0.0104,  0.0313,  ..., -0.0101, -0.0491, -0.0347],
        [ 0.0546, -0.0600,  0.0637,  ...,  0.0642,  0.0042, -0.0407],
        [-0.0129,  0.0043, -0.0241,  ..., -0.0712,  0.0206,  0.0199]]), 'conv_inter2.lin.weight': tensor([[-0.0245,  0.0790, -0.0760,  ..., -0.0062, -0.0634, -0.0631],
        [-0.0747, -0.0173, -0.0643,  ..., -0.0702,  0.0439, -0.0734],
        [ 0.0669,  0.0087, -0.0619,  ...,  0.0739,  0.0178,  0.0477],
        ...,
        [ 0.0397, -0.0358,  0.0058,  ...,  0.0227, -0.0150, -0.0482],
        [-0.0368, -0.0489, -0.0876,  ..., -0.0654,  0.0342,  0.0029],
        [ 0.0781,  0.0145, -0.0319,  ...,  0.0615, -0.0651, -0.0200]]), 'conv_inter2.lin.bias': tensor([ 0.0039, -0.0238, -0.0695,  0.0690, -0.0738, -0.0744,  0.0401, -0.0341,
         0.0293, -0.0424, -0.0616, -0.0625, -0.0313,  0.0763,  0.0003, -0.0055,
         0.0317, -0.0582,  0.0410,  0.0882, -0.0022,  0.0847,  0.0168,  0.0642,
        -0.0085, -0.0529,  0.0478,  0.0613, -0.0415,  0.0500,  0.0673,  0.0134,
         0.0390,  0.0639,  0.0508, -0.0260, -0.0749, -0.0267,  0.0023, -0.0379,
         0.0399,  0.0035, -0.0349,  0.0502,  0.0774, -0.0624, -0.0453,  0.0779,
        -0.0223,  0.0232,  0.0346,  0.0363, -0.0399, -0.0074,  0.0038, -0.0716,
        -0.0950, -0.0569,  0.0245, -0.0242, -0.0214, -0.0118,  0.0257, -0.0116,
        -0.0009,  0.0731, -0.0662, -0.0414, -0.0563,  0.0387,  0.0593, -0.0759,
        -0.0652, -0.0546,  0.0797,  0.0549, -0.0522,  0.0450,  0.0192, -0.0881,
        -0.0720, -0.0196, -0.0469, -0.0015,  0.0754,  0.0602,  0.0490,  0.0163,
         0.0235,  0.0467, -0.0035, -0.0145,  0.0587, -0.0588,  0.0475,  0.0365,
         0.0772,  0.0053, -0.0521, -0.0054,  0.0655, -0.0103,  0.0595,  0.0305,
        -0.0420, -0.0354, -0.0012,  0.0294, -0.0070, -0.0634,  0.0625, -0.0273,
        -0.0517,  0.0711,  0.0911, -0.0377,  0.0233, -0.0226,  0.0728,  0.0182,
         0.0551, -0.0388, -0.0383,  0.0107,  0.0897, -0.0878, -0.0343, -0.0340]), 'conv_inter2.lin_l.weight': tensor([[ 9.2691e-02, -6.6900e-02,  2.9445e-02,  ...,  1.3413e-02,
          4.1380e-02, -8.3699e-02],
        [-2.1052e-02,  5.0504e-02,  8.6373e-02,  ...,  2.9459e-03,
         -5.2595e-02, -3.2013e-02],
        [-6.9018e-02,  4.8932e-02, -4.8085e-02,  ..., -3.7169e-02,
         -3.2033e-02,  7.4431e-02],
        ...,
        [ 2.1168e-02,  5.9517e-02,  7.4553e-03,  ...,  7.6515e-02,
         -3.7202e-03, -3.5510e-02],
        [ 1.7550e-02, -1.5435e-02,  2.5801e-02,  ..., -1.0264e-02,
         -1.1207e-02,  7.5379e-05],
        [-1.3897e-02,  7.2908e-02, -3.0716e-02,  ..., -2.0651e-02,
          7.6917e-02,  2.8087e-02]]), 'conv_inter2.lin_l.bias': tensor([ 0.0307, -0.0651, -0.0220,  0.0578, -0.0865,  0.0796, -0.0297, -0.0804,
         0.0135,  0.0924,  0.0289,  0.0460,  0.0910,  0.0336, -0.0257, -0.0166,
         0.0708, -0.0152,  0.0108,  0.0780, -0.0264,  0.0471,  0.0741,  0.0631,
        -0.0500, -0.0112, -0.0583, -0.0348, -0.0625, -0.0213,  0.0227, -0.0687,
        -0.0421, -0.0154, -0.0384,  0.0532, -0.0486,  0.0861, -0.0223, -0.0360,
        -0.0441,  0.0204, -0.0304,  0.0567,  0.0099, -0.0513,  0.0821, -0.0459,
        -0.0091,  0.0624,  0.0916, -0.0458,  0.0016, -0.0570, -0.0222,  0.0150,
         0.0054,  0.0620,  0.0620,  0.0093,  0.0355,  0.0035,  0.0355, -0.0571,
        -0.0651,  0.0775,  0.0013,  0.0330, -0.0423, -0.0582, -0.0265, -0.0399,
         0.0682,  0.0571, -0.0556,  0.0666, -0.0090,  0.0035,  0.0055, -0.0299,
         0.0861,  0.0506,  0.0001, -0.0435, -0.0472,  0.0015,  0.0313, -0.0666,
         0.0028,  0.0296, -0.0452, -0.0294,  0.0331, -0.0628, -0.0453, -0.0427,
        -0.0335,  0.0963, -0.0441,  0.0659,  0.0081, -0.0711,  0.0887, -0.0114,
         0.0801,  0.0668,  0.0618, -0.0266,  0.0881,  0.0898, -0.0063,  0.0427,
         0.0627,  0.0378,  0.0626, -0.0460,  0.0044, -0.0009, -0.0037,  0.0524,
        -0.0155,  0.0479, -0.0591, -0.0086,  0.0189,  0.0295, -0.0265, -0.0032]), 'conv_inter2.lin_r.weight': tensor([[-0.0012, -0.0896, -0.0255,  ..., -0.0695,  0.0175, -0.0172],
        [ 0.0659, -0.0707,  0.0662,  ...,  0.0392, -0.0513,  0.0298],
        [ 0.0659, -0.0650,  0.0762,  ..., -0.0363,  0.0755,  0.0722],
        ...,
        [ 0.0339, -0.0743, -0.0080,  ..., -0.0178, -0.0606, -0.0281],
        [-0.0660, -0.0643, -0.0275,  ...,  0.0800, -0.0092, -0.0119],
        [-0.0555, -0.0841,  0.0254,  ..., -0.0804,  0.0851, -0.0660]]), 'attn1.0.weight': tensor([[ 0.0049,  0.0643, -0.0616,  ...,  0.0182,  0.0524,  0.0422],
        [ 0.0556,  0.0504,  0.0647,  ...,  0.0607, -0.0178,  0.0844],
        [-0.0720,  0.0398,  0.0658,  ..., -0.0421,  0.0355, -0.0420],
        ...,
        [-0.0013, -0.0255, -0.0746,  ...,  0.0664,  0.0802, -0.0636],
        [ 0.0201,  0.0207,  0.0508,  ..., -0.0495, -0.0192,  0.0507],
        [ 0.0718, -0.0345,  0.0126,  ..., -0.0539,  0.0340, -0.0187]]), 'attn1.0.bias': tensor([-0.0825, -0.0364, -0.0745, -0.0089, -0.0764, -0.0716, -0.0695, -0.0562,
        -0.0687,  0.0651,  0.0168, -0.0178,  0.0298, -0.0560,  0.0575,  0.0281,
         0.0027,  0.0007, -0.0190,  0.0691, -0.0224,  0.0895, -0.0638, -0.0008,
        -0.0530,  0.0348, -0.0284, -0.0220, -0.0333,  0.0087,  0.0816,  0.0485,
        -0.0470,  0.0346,  0.0403,  0.0107,  0.0279,  0.0631, -0.0639,  0.0675,
        -0.0013, -0.0245,  0.0359,  0.0021,  0.0497,  0.0869, -0.0327,  0.0810,
         0.0235,  0.0440,  0.0713,  0.0489,  0.0601, -0.0866, -0.0194,  0.0236,
        -0.0532,  0.0262,  0.0088, -0.0810,  0.0764,  0.0563, -0.0313,  0.0142]), 'attn1.2.weight': tensor([[-0.0206,  0.0361,  0.0909,  0.1370, -0.0753, -0.0333,  0.0277, -0.0017,
          0.0541,  0.1188,  0.0192,  0.0216, -0.0357,  0.0854, -0.1280,  0.0328,
         -0.1133, -0.1123, -0.1072,  0.0119, -0.0594, -0.0982, -0.0280, -0.0264,
         -0.0121,  0.0882,  0.0697, -0.0621,  0.0885,  0.1027, -0.0858,  0.0722,
          0.1175, -0.0669, -0.1044,  0.0317,  0.0794, -0.0493,  0.0073, -0.0886,
          0.0113,  0.0687,  0.1248, -0.0891, -0.0825, -0.0174,  0.0878, -0.0669,
         -0.0852, -0.0810,  0.0635,  0.0245, -0.1199,  0.1137, -0.0141,  0.0187,
         -0.0069,  0.0567,  0.0094, -0.0077,  0.0879,  0.0758, -0.0963, -0.1077]]), 'attn1.2.bias': tensor([-0.0935]), 'attn2.0.weight': tensor([[-0.0770, -0.0259,  0.0376,  ..., -0.0637, -0.0484,  0.0650],
        [-0.0448, -0.0193,  0.0684,  ...,  0.0358, -0.0717,  0.0381],
        [ 0.0331,  0.0305,  0.0898,  ..., -0.0200, -0.0210,  0.0358],
        ...,
        [ 0.0677,  0.0498,  0.0606,  ...,  0.0733, -0.0581,  0.0091],
        [ 0.0325, -0.0589,  0.0011,  ...,  0.0870,  0.0451, -0.0772],
        [-0.0604,  0.0196,  0.0546,  ..., -0.0463, -0.0725, -0.0694]]), 'attn2.0.bias': tensor([ 5.2002e-02, -7.7508e-02, -7.8520e-02, -2.6698e-02,  3.9299e-02,
         7.0694e-05,  4.4643e-02,  1.5655e-02, -7.3781e-02,  9.5941e-03,
         3.9679e-02,  3.1262e-02,  6.2190e-02, -9.2432e-02, -6.6301e-02,
        -3.2653e-02, -5.9518e-02, -3.6558e-02, -2.0771e-02,  2.0087e-02,
         6.0039e-03,  7.8595e-02, -5.9537e-02, -5.8803e-02,  4.4471e-02,
        -9.4810e-03, -3.0445e-02, -8.8014e-02, -5.6506e-02,  2.0833e-02,
         2.3759e-02,  1.7513e-02,  6.7686e-02, -5.1809e-02,  4.7600e-02,
         2.8112e-02,  4.3661e-02,  5.7996e-02, -2.9437e-02,  2.1888e-02,
        -6.1599e-03,  8.6154e-02, -4.1114e-02, -6.4770e-02,  1.5677e-02,
        -4.7146e-02,  3.7208e-02,  7.4377e-02,  4.7091e-02,  6.6213e-02,
        -1.0339e-02, -6.3369e-03,  7.4973e-02, -6.8381e-02,  5.5983e-02,
        -3.7699e-02, -1.1915e-02,  2.4582e-02, -5.5696e-02, -6.9021e-02,
        -4.7369e-02,  4.0603e-02, -4.9417e-02, -8.6753e-02]), 'attn2.2.weight': tensor([[-0.1158, -0.1332,  0.0997, -0.0901,  0.0111, -0.0980, -0.0322, -0.1086,
         -0.0945,  0.0805,  0.0568,  0.0026, -0.0123, -0.1152,  0.0429, -0.0971,
         -0.0929, -0.0500, -0.1048,  0.0694, -0.0819,  0.1064, -0.0069,  0.0937,
         -0.0814,  0.0818,  0.1018, -0.0025,  0.0512,  0.1216, -0.1068,  0.0239,
         -0.0554,  0.0699, -0.0044, -0.1161, -0.0161, -0.0975,  0.0809,  0.0312,
         -0.0327,  0.0416,  0.1233,  0.0424, -0.0676,  0.0197, -0.0569, -0.0655,
          0.0877, -0.0713, -0.0880, -0.0706, -0.0574, -0.0892, -0.0637, -0.1158,
         -0.1192,  0.1333, -0.0445, -0.1021, -0.0766, -0.0848, -0.0779,  0.0353]]), 'attn2.2.bias': tensor([0.0992]), 'attn3.0.weight': tensor([[ 0.0729, -0.0719,  0.0887,  ...,  0.0325, -0.0811, -0.0384],
        [ 0.0373,  0.0734,  0.0982,  ...,  0.0174, -0.0301,  0.0349],
        [-0.0578, -0.0738, -0.0403,  ...,  0.0050, -0.0834, -0.0515],
        ...,
        [ 0.0353, -0.0057,  0.0648,  ..., -0.0562, -0.0545,  0.0154],
        [ 0.0225, -0.0062,  0.0639,  ...,  0.0857,  0.0228,  0.0450],
        [-0.0125,  0.0394, -0.0151,  ...,  0.0720,  0.0356, -0.0293]]), 'attn3.0.bias': tensor([ 0.0917,  0.0277, -0.0325,  0.0872,  0.0440, -0.0352,  0.0131,  0.0160,
         0.0574,  0.0175, -0.0808,  0.0775, -0.0491,  0.0626,  0.0971,  0.0635,
        -0.0572, -0.0483, -0.0274,  0.0388,  0.0264, -0.0156,  0.0734,  0.0819,
         0.0212,  0.0426, -0.0150,  0.0502, -0.0163,  0.0765, -0.0900, -0.0384,
         0.0768, -0.0134, -0.0267, -0.0115,  0.0764,  0.0226, -0.0429,  0.0247,
         0.0462,  0.0620, -0.0326,  0.0172, -0.0172,  0.0288, -0.0440,  0.0957,
         0.0127, -0.0368, -0.0450,  0.0694, -0.0587,  0.0800, -0.0387, -0.0755,
        -0.0456,  0.0703, -0.0280, -0.0491,  0.0608,  0.0462,  0.0705,  0.0792]), 'attn3.2.weight': tensor([[-0.0775, -0.0599, -0.0141, -0.1302, -0.0109, -0.0367,  0.0952,  0.0411,
         -0.1257,  0.0214, -0.1061, -0.0397, -0.0850,  0.0322, -0.0123, -0.0229,
         -0.0701, -0.0415,  0.0204,  0.0873,  0.1149, -0.0374,  0.0871, -0.0869,
          0.0136,  0.0007, -0.0598, -0.0771, -0.0630,  0.0110,  0.0284, -0.0828,
          0.0733, -0.0161, -0.0366,  0.0205,  0.1120, -0.0606, -0.0647,  0.0027,
         -0.0301,  0.0882,  0.0108, -0.0899, -0.0836,  0.0831, -0.1298, -0.1040,
          0.0158,  0.1068,  0.0304, -0.0087,  0.0699, -0.0252, -0.0677, -0.1303,
          0.0898,  0.0166,  0.0316, -0.0124, -0.1092,  0.0736, -0.0539, -0.0588]]), 'attn3.2.bias': tensor([0.0804]), 'classifier.weight': tensor([[-0.0961, -0.0201,  0.0573, -0.0703, -0.0156,  0.0974, -0.0361, -0.0087,
         -0.0715, -0.0293, -0.0834,  0.0345,  0.0229,  0.0423, -0.0791, -0.0817,
         -0.0843, -0.0545,  0.0156,  0.0430, -0.0980,  0.0137,  0.0825, -0.0651,
          0.0179, -0.0931,  0.0129,  0.0386, -0.0427, -0.0884,  0.0171,  0.0583,
          0.0628, -0.0642,  0.0873,  0.0007, -0.0949, -0.0926,  0.0871, -0.0991,
          0.0433, -0.0119,  0.0947,  0.0562,  0.0653, -0.0728,  0.0317,  0.0351,
          0.0414, -0.0682,  0.0674, -0.0314, -0.0716,  0.0452, -0.0736,  0.0145,
          0.0246,  0.0493, -0.0688, -0.0925, -0.0178, -0.0441, -0.0874,  0.0128,
          0.0269,  0.0179,  0.0572,  0.0312,  0.0374, -0.0119,  0.0142, -0.0848,
         -0.0248, -0.0746,  0.0758,  0.0181, -0.0779, -0.0613, -0.0138, -0.0572,
          0.0604, -0.0608, -0.0746, -0.0917, -0.0476, -0.0678,  0.0433,  0.0392,
         -0.0397, -0.0435, -0.0579,  0.0269,  0.0571,  0.0154, -0.0594, -0.0360,
          0.0673,  0.0404,  0.0630, -0.0040,  0.0891,  0.0603,  0.0981, -0.0651,
         -0.0343, -0.0160,  0.0372, -0.0449,  0.0367, -0.0248,  0.0691,  0.0664,
         -0.0258,  0.0493, -0.0764,  0.0629, -0.0634, -0.0692, -0.0690,  0.0397,
          0.0344, -0.0033,  0.0157,  0.0658,  0.0747,  0.0915, -0.0793, -0.0661]]), 'classifier.bias': tensor([-0.0395])}",128,0,0.0003,0.0005,200,20,"{'dropout': 0, 'eval_every': 15, 'hidden_channels': 128, 'k_neighbors': 40, 'kfolds': 5, 'lr': 0.0003, 'num_epochs': 200, 'patience': 20, 'weight_decay': 0.0005}",0.8925,0.0274,0.7692,0.0437,0.7764,0.0332
